{
  "posts": [
    {
      "id": 5,
      "firstname": "hhhsfhsfh",
      "lastname": "fchfhsddsd",
      "email": "xyz@gmail.com",
      "mobile": "3356565355",
      "country": "australia",
      "gender": "female"
    },
    {
      "id": 7,
      "firstname": "hhhsfhsfh",
      "lastname": "df",
      "email": "sfhsfh@fhdhg",
      "mobile": "3356565355",
      "country": "india",
      "gender": "female"
    },
    {
      "id": 8,
      "firstname": "gkjm",
      "lastname": "fshsfhsf",
      "email": "asd@gmail.com",
      "mobile": "3665535553",
      "country": "australia",
      "gender": "male"
    },
    {
      "id": 9,
      "firstname": "gkjm",
      "lastname": "fshsfhsf",
      "email": "sfhsfh@fhdhg",
      "mobile": "1234567890",
      "country": "india",
      "gender": "female"
    },
    {
      "id": 10,
      "firstname": "f",
      "lastname": "iasasa",
      "email": "ijojiojiu@fhgf",
      "mobile": "3356565355",
      "country": "india",
      "gender": "female"
    }
  ],
  "comments": [],
  "profile": {
    "name": "typicode"
  }
}